key,|__en,|__en_US,|__fr,|__e,|__de,|__es,|__ru,|__pl,|__nl,|__it,|__zh-CN,|__ja
label.emailaddress,Email Address,,,,,,,,,,,
button.signin,Sign In,,,,,,,,,,,
title.finished,Finished,,,,,,,,,,,
note.reimbursement-calculation,The amount for this reimbursement item can be calculated after both start and end addresses are provided.,,,,,,,,,,,
label.password,Password,,,,,,,,,,,
label.both,Both,,,,,,,,,,,
label.none,None,,,,,,,,,,,
message.forgot-password,I forgot my password.,,,,,,,,,,,
button.forgot-password,Forgot password?,,,,,,,,,,,
note.password-reset-instructions,Please enter the email address associated with your account then hit Send Code & Instructions. You will then receive further instructions on how to complete your password reset within one minute.,,,,,,,,,,,
button.send-reset-instructions,Send Reset Instructions,,,,,,,,,,,
label.reset-code,Reset Code,,,,,,,,,,,
note.password-specifications-message,"Passwords must be at least 10 characters containing at least one upper case characters, one digit, and one special character.",,,,,,,,,,,
label.new-password,New Password,,,,,,,,,,,
button.save-password,Save Password,,,,,,,,,,,
title.save-new-password,Save Password,,,,,,,,,,,
button.save,Save,,,,,,,,,,,
button.cancel-reset,Cancel / Restart Reset,,,,,,,,,,,
title.pending-reimbursements,Pending Reimbursements,,,,,,,,,,,
title.total-pending-amount,Total Amount Pending,,,,,,,,,,,
title.card-balance,Card Balance,,,,,,,,,,,
button.all-reimbursements,All Reimbursements,,,,,,,,,,,
label.item,item,,,,,,,,,,,
label.reimbursement-status-draft,Not Submitted - Draft,,,,,,,,,,,
label.reimbursement-status-submitted,Submitted - Pending,,,,,,,,,,,
label.reimbursement-status-approved,Approved,,,,,,,,,,,
label.reimbursement-status-denied,Denied,,,,,,,,,,,
label.reimbursement-status-cancelled,Cancelled,,,,,,,,,,,
label.reimbursement-status-recalled,Recalled,,,,,,,,,,,
label.reimbursement-status-voided,Voided,,,,,,,,,,,
label.total,Total,,,,,,,,,,,
button.save-later,Save for Later,,,,,,,,,,,
button.submit-approval,Submit for Approval,,,,,,,,,,,
message.empty-studies,You are no longer active on any studies.,,,,,,,,,,,
message.no-reimbursement,No reimbursement items present.,,,,,,,,,,,
button.advanced,Advanced,,,,,,,,,,,
error.add-reimbursement,Please add at least one reimbursement item to the request.,,,,,,,,,,,
error.select-reimbursement,Please select the study this reimbursement is for,,,,,,,,,,,
note.reimbursement-success,Your reimbursement has been successfully,,,,,,,,,,,
label.submitted,submitted,,,,,,,,,,,
title.success,Success,,,,,,,,,,,
label.saved,saved,,,,,,,,,,,
title.error,Error,,,,,,,,,,,
label.amount,Amount,,,,,,,,,,,
label.note,Note,,,,,,,,,,,
title.item-attachements,Item Attachments,,,,,,,,,,,
button.capture-photo,Take Photo,,,,,,,,,,,
button.save-item,Save Item,,,,,,,,,,,
title.select-image,Select Image,,,,,,,,,,,
error.invalid-location,"Sorry, your current location could not be determined automatically.",,,,,,,,,,,
error.amount-missing,Amount Missing,,,,,,,,,,,
error.reimb-not-found,Reimbursement Item Type could not be found in list.,,,,,,,,,,,
message.amount-missing,Please enter the amount for this item,,,,,,,,,,,
error.start-address,Start Address Required.,,,,,,,,,,,
message.start-address,Please enter the start address for your trip.,,,,,,,,,,,
error.end-address,End Address Required,,,,,,,,,,,
message.end-address,Please enter the end address for your trip.,,,,,,,,,,,
error.same-address,Same Address,,,,,,,,,,,
message.same-address,The start and end address are the same. Please correct this then try again.,,,,,,,,,,,
title.select-item-type,Select Item Type,,,,,,,,,,,
title.select-address,Select an Address,,,,,,,,,,,
label.calculated-amount,Calculated Amount,,,,,,,,,,,
label.start-address,Start Address,,,,,,,,,,,
button.enter-start-address,Enter Start Address,,,,,,,,,,,
button.current-location,Use Current Location,,,,,,,,,,,
label.end-address,End Address ,,,,,,,,,,,
label.enter-end-address,Enter End Address,,,,,,,,,,,
message.round-trip,Is this a round trip,,,,,,,,,,,
title.select-country,Select Country,,,,,,,,,,,
label.hi,Hi,,,,,,,,,,,
title.assigned-studies,Assigned Studies,,,,,,,,,,,
label.date,Active,,,,,,,,,,,
label.completed,Completed,,,,,,,,,,,
label.phone-mobile,Phone (mobile),,,,,,,,,,,
message.contact-verification-change,Email or phone number changes require verification.,,,,,,,,,,,
label.primary-address,Primary Address,,,,,,,,,,,
label.address-line,Address Line,,,,,,,,,,,
label.city,City,,,,,,,,,,,
label.state-region-province,State / Region / Province,,,,,,,,,,,
label.zip-postalcode,Zip / Postal Code,,,,,,,,,,,
button.save-info,Save Info,,,,,,,,,,,
error.no-country-selected,No Country Selected,,,,,,,,,,,
message.no-country-selected,Please select your country first.,,,,,,,,,,,
message.missing-address,A street address is required.,,,,,,,,,,,
error.missing-address,Missing Address,,,,,,,,,,,
error.missing-city,Missing City,,,,,,,,,,,
message.missing-city,A city is required.,,,,,,,,,,,
error.missing-state,Missing State,,,,,,,,,,,
message.missing-state,A state is required.,,,,,,,,,,,
title.select-state,Select State,,,,,,,,,,,
option.select-status,Select Status,,,,,,,,,,,
label.name,Name,,,,,,,,,,,
button.save-address,Save Address,,,,,,,,,,,
message.save-address,Please save address fields to manage bank information.,,,,,,,,,,,
label.dashboard,Dashboard,,,,,,,,,,,
label.reimbursements,Reimbursements,,,,,,,,,,,
label.myaccount,My Account,,,,,,,,,,,
label.myaddresses,My Addresses,,,,,,,,,,,
button.signout,Sign Out,,,,,,,,,,,
label.new,New,,,,,,,,,,,
label.add-item,Add Item,,,,,,,,,,,
title.reimbursement,Reimbursement,,,,,,,,,,,
title.reimbursement-item,Reimbursement Item,,,,,,,,,,,
title.update,Update,,,,,,,,,,,
title.updated,Updated,,,,,,,,,,,
title.add,Add,,,,,,,,,,,
error.missing-email,Email Missing,,,,,,,,,,,
message.missing-email,Please enter your email.,,,,,,,,,,,
error.missing-password,Password Missing,,,,,,,,,,,
message.missing-password,Please enter your password.,,,,,,,,,,,
message.pass-saved,Your password has been successfully saved.,,,,,,,,,,,
message.profile-saved,Your profile has been successfully saved.,,,,,,,,,,,
error.login-failure,Login Failed!,,,,,,,,,,,
error.inactive-study,You are no longer active on the study that was previously selected for this reimbursement.,,,,,,,,,,,
title.date,Date,,,,,,,,,,,
title.num-items,Number of Items,,,,,,,,,,,
title.summary,Summary,,,,,,,,,,,
title.stipend-reference,Stipend Reference,,,,,,,,,,,
title.stipend-ref-#,Stipend Ref. #,,,,,,,,,,,
title.status,Status,,,,,,,,,,,
button.new-reimbursement,New Reimbursement,,,,,,,,,,,
label.search,Search,,,,,,,,,,,
title.travel-preferences,Travel Preferences,,,,,,,,,,,
label.emergency-contact-information,Emergency Contact Information,,,,,,,,,,,
label.car-service,Car Service,,,,,,,,,,,
label.airline-reservations,Airline Reservations,,,,,,,,,,,
label.hotel-reservations,Hotel Reservations,,,,,,,,,,,
button.save-travel-preference,Save Travel Preference,,,,,,,,,,,
label.first-name,First Name,,,,,,,,,,,
message.view-visit-schedule,Save the page to access the Visit Schedule,,,,,,,,,,,
label.middle-initial,Middle Initial,,,,,,,,,,,
label.last-name,Last Name,,,,,,,,,,,
label.date-of-birth,Date of Birth,,,,,,,,,,,
label.mobile-phone,Mobile Phone Number,,,,,,,,,,,
label.phone-number,Phone Number,,,,,,,,,,,
label.home-phone,Home Phone Number,,,,,,,,,,,
label.patient,Patient,,,,,,,,,,,
label.same-address-as-patient,Same Address as Patient,,,,,,,,,,,
label.country,Country,,,,,,,,,,,
label.address,Address,,,,,,,,,,,
label.company-address,Company Address,,,,,,,,,,,
label.special-accommodations,Special Accommodations,,,,,,,,,,,
label.pick-up-location,Pick up Location,,,,,,,,,,,
label.drop-off-location,Drop off Location,,,,,,,,,,,
label.first-choice,1st Choice,,,,,,,,,,,
label.second-choice,2nd Choice,,,,,,,,,,,
label.third-choice,3rd Choice,,,,,,,,,,,
label.airline-preference,Airline Preference,,,,,,,,,,,
label.seating-preference,Seating Preference,,,,,,,,,,,
label.airport-preference,Airport Preference,,,,,,,,,,,
label.frequent-flyer,Frequent Flyer #,,,,,,,,,,,
label.transportation-to-from-airport,Transportation to/from Airport,,,,,,,,,,,
label.hotel-chain-preference,Hotel Chain Preference,,,,,,,,,,,
label.room-preference,Room Preference,,,,,,,,,,,
alert.save-before-downloading,Please save travel preference before downloading a pdf.,,,,,,,,,,,
title.travel-requests,Travel Requests,,,,,,,,,,,
title.visit-name,Visit Name,,,,,,,,,,,
title.visit-date-time,Visit Date/Time,,,,,,,,,,,
title.visit-date,Visit Date,,,,,,,,,,,
title.type,Type,,,,,,,,,,,
label.study-filter,Study Filter,,,,,,,,,,,
message.change-mobile,Changing your mobile phone or email address will require verification.,,,,,,,,,,,
link.change-password,Change Password,,,,,,,,,,,
button.new-address,New Address,,,,,,,,,,,
button.edit-profile,Edit Profile,,,,,,,,,,,
button.change-password,Change Password,,,,,,,,,,,
button.cancel,Cancel,,,,,,,,,,,
label.current-password,Current Password,,,,,,,,,,,
label.account-number,Account Number,,,,,,,,,,,
label.routing-number,Routing Number,,,,,,,,,,,
label.bank-name,Bank Name,,,,,,,,,,,
label.bank-currency,Bank Currency,,,,,,,,,,,
label.bank-code,Bank Code,,,,,,,,,,,
title.change-account-password,Change Account Password,,,,,,,,,,,
button.edit-bank-info,Edit Bank Info,,,,,,,,,,,
label.confirm-new-password,Confirm New Password,,,,,,,,,,,
title.new-time,New Item,,,,,,,,,,,
label.select-reimbursement-type,Select Reimbursement Type,,,,,,,,,,,
option.manual-payment,Manual Payment,,,,,,,,,,,
option.meal,Meal,,,,,,,,,,,
option.other,Other,,,,,,,,,,,
option.mileage-reimbursement,Mileage Reimbursement,,,,,,,,,,,
option.personal-vehicle-travel,Personal Vehicle Travel,,,,,,,,,,,
option.ground-transportation,Ground Transportation,,,,,,,,,,,
label.transit-number,Transit Number,,,,,,,,,,,
option.parking,Parking,,,,,,,,,,,
option.rail,Rail,,,,,,,,,,,
label.notes,Notes,,,,,,,,,,,
label.attachements,Attachment(s),,,,,,,,,,,
label.attachement-message,"Click to Browse, or drag and drop files here.",,,,,,,,,,,
label.auto-calculated,Auto Calculated,,,,,,,,,,,
label.km-traveled,Km Traveled (one way),,,,,,,,,,,
label.calculate-reimb-amount,Calculate Reimbursement Amount,,,,,,,,,,,
label.calculation-message,Please select or enter a start and end address to have the amount automatically calculated.,,,,,,,,,,,
label.previously-used-address,Previously used or saved address,,,,,,,,,,,
option.select-saved-location,Select a Saved Location,,,,,,,,,,,
option.site-addresses,Site Addresses,,,,,,,,,,,
option.my-addresses,My Addresses,,,,,,,,,,,
label.travel-date,Travel Date,,,,,,,,,,,
label.travel-dates,Travel Dates,,,,,,,,,,,
label.round-trip,Round Trip,,,,,,,,,,,
label.this-is-round-trip,This is a round trip,,,,,,,,,,,
label.miles-traveled,Miles Traveled (One Way),,,,,,,,,,,
error.valid-amount,Please enter a valid amount.,,,,,,,,,,,
error.threshold,The amount is greater than the stipend threshold.,,,,,,,,,,,
error.amount,Please enter the amount for this item.,,,,,,,,,,,
error.item-file,Please attach the file for this item.,,,,,,,,,,,
error.select-visit,Please select a visit.,,,,,,,,,,,
message.select-payment-method,Please select a payment method.,,,,,,,,,,,
title.travel-preferences-saved,Travel Preference Saved,,,,,,,,,,,
error.item-type,Please select an item type.,,,,,,,,,,,
message.travel-preferences-saved,Your travel preference has been succssfully saved.,,,,,,,,,,,
label.okay,Okay,,,,,,,,,,,
message.reimbursement-saved,Your reimbursement has been successfully saved.,,,,,,,,,,,
option.select-time,Select Time,,,,,,,,,,,
option.select-timezone,Select Timezone,,,,,,,,,,,
option.select-seat,Select Seat,,,,,,,,,,,
option.early-morning,Early Morning,,,,,,,,,,,
option.late-morning,Late Morning,,,,,,,,,,,
option.afternoon,Afternoon,,,,,,,,,,,
option.early-evening,Early Evening,,,,,,,,,,,
option.late-evening,Late Evening,,,,,,,,,,,
option.aisle,Aisle,,,,,,,,,,,
option.window,Window,,,,,,,,,,,
option.middle,Middle,,,,,,,,,,,
option.no,No,,,,,,,,,,,
option.yes,Yes,,,,,,,,,,,
error.address,Please enter an address.,,,,,,,,,,,
error.city,Please enter a city.,,,,,,,,,,,
error.select-country,Please select a country.,,,,,,,,,,,
error.state,Please select a state.,,,,,,,,,,,
title.state,State,,,,,,,,,,,
title.recently-viewed-subjects,Recently Viewed Subjects,,,,,,,,,,,
title.newest-reimbursement-stipend-requests,Newest Reimbursement / Stipend Requests,,,,,,,,,,,
button.view-all,View All,,,,,,,,,,,
title.view-item,View Item,,,,,,,,,,,
option.submitted-pending,Submitted – Pending,,,,,,,,,,,
option.site-reviewed,Site Reviewed,,,,,,,,,,,
option.approved,Approved,,,,,,,,,,,
option.denied,Denied,,,,,,,,,,,
option.pending,Pending,,,,,,,,,,,
option.cancelled,Cancelled,,,,,,,,,,,
option.recalled,Recalled,,,,,,,,,,,
option.void,Void ,,,,,,,,,,,
option.voided,Voided ,,,,,,,,,,,
option.unknown,Unknown,,,,,,,,,,,
option.all-studies,All Studies,,,,,,,,,,,
option.all-statuses,All Statuses,,,,,,,,,,,
option.all-sites,All Sites,,,,,,,,,,,
title.reimbursement-queries,Reimbursement Queries,,,,,,,,,,,
button.send-message,Send Message,,,,,,,,,,,
label.view-queries,View queries for this reimbursement.,,,,,,,,,,,
title.subject-payments,Subject Payments,,,,,,,,,,,
title.subject-profile,Subject Profile,,,,,,,,,,,
title.active-studies,Active Studies,,,,,,,,,,,
title.studies,Studies,,,,,,,,,,,
title.active-sites,Active Sites,,,,,,,,,,,
title.active-subjects,Active Subjects,,,,,,,,,,,
title.program-balance,Program Balance,,,,,,,,,,,
title.pending-funds,Pending Funds,,,,,,,,,,,
title.fund,Fund,,,,,,,,,,,
title.funds,Funds,,,,,,,,,,,
label.balance,Balance,,,,,,,,,,,
label.pending,Pending,,,,,,,,,,,
month.january,January,,,,,,,,,,,
month.febraury,February,,,,,,,,,,,
month.march,March,,,,,,,,,,,
month.april,April,,,,,,,,,,,
month.may,May,,,,,,,,,,,
month.june,June,,,,,,,,,,,
month.july,July,,,,,,,,,,,
month.august,August,,,,,,,,,,,
month.september,September,,,,,,,,,,,
month.october,October,,,,,,,,,,,
month.novemeber,November,,,,,,,,,,,
month.december,December,,,,,,,,,,,
button.new-subject,New Subject,,,,,,,,,,,
title.pending-requests,Pending Requests,,,,,,,,,,,
title.payment-card-bank,Payment Card / Bank Account,,,,,,,,,,,
title.bank-account-information,Bank Account Information,,,,,,,,,,,
title.payment-card,Payment Card,,,,,,,,,,,
message.assign-study,Please select a site and assign a related study.,,,,,,,,,,,
message.assign-stipend,Please assign stipend card to create reimbursement requests..,,,,,,,,,,,
message.request-admin-card,Please request from the administrators for permission to add cards.,,,,,,,,,,,
label.deposit-notifications,Deposit Notifications,,,,,,,,,,,
label.minimum,Minimum,,,,,,,,,,,
label.enable-deposit,Enable Deposit Notifications - Subject consents to receiving email notifications re: payments,,,,,,,,,,,
message.temp-password,Temporary passwords can be sent after subject is saved with a verified email address.,,,,,,,,,,,
message.password-reset-url,Send Password Reset URL.,,,,,,,,,,,
message.password-sent-url,Subject has been sent a secure URL that can be used to save a new password. This URL expires in 6 hours.,,,,,,,,,,,
message.after-saving-stipend,"After saving subject stipend card assignment, reimbursement requests, and more will appear in this area.",,,,,,,,,,,
message.resend-verification-text,Resend verification text.,,,,,,,,,,,
message.resend-verification-email,Resend verification email.,,,,,,,,,,,
message.last-attempt-made,Last Attempt Made,,,,,,,,,,,
message.attempt-verify-phone,Attempt to verify mobile number after saving,,,,,,,,,,,
message.attempt-verify-email,Attempt to verify email after saving,,,,,,,,,,,
title.study-activity,Study Activity,,,,,,,,,,,
label.study-id,Subject Study ID,,,,,,,,,,,
label.remove-study,Remove this study?,,,,,,,,,,,
title.pay-stipend-card,PAY Stipend Card,,,,,,,,,,,
button.replace-card,Replace Card,,,,,,,,,,,
label.control-number,Control Number,,,,,,,,,,,
label.assigned,Assigned,,,,,,,,,,,
title.replace-stipend-card,Replace Stipend Card,,,,,,,,,,,
label.current-card,Current Card,,,,,,,,,,,
label.inventory-control-number,Inventory Control Number,,,,,,,,,,,
title.stipends,Stipends,,,,,,,,,,,
title.confirm-recall,Confirm Recall,,,,,,,,,,,
label.confirm-void,Confirm Void,,,,,,,,,,,
message.confirm-recall,Are you sure you want to recall this reimbursement?,,,,,,,,,,,
message.confirm-recall-stipend,Are you sure you want to recall this stipend?,,,,,,,,,,,
message.confirm-void-stipend,Are you sure you want to void this stipend?,,,,,,,,,,,
button.new-request,New Request,,,,,,,,,,,
title.travel-hpv,Travel Request – HPV Screen,,,,,,,,,,,
label.delete-travel-request,Delete Travel Request,,,,,,,,,,,
message.delete-address,Are you sure you want to delete this address?,,,,,,,,,,,
message.delete-user,Are you sure you want to delete this user?,,,,,,,,,,,
label.delete-address,Delete Address,,,,,,,,,,,
label.type-of-travel,Type of Travel,,,,,,,,,,,
label.air,Air,,,,,,,,,,,
label.ground,Ground,,,,,,,,,,,
label.departure-date-time,Departure Date/Time,,,,,,,,,,,
label.return-date-time,Return Date/Time,,,,,,,,,,,
message.ground,Ground date/times are not selectable when air travel is not requested.,,,,,,,,,,,
label.hotel,Hotel,,,,,,,,,,,
label.comments,Comments,,,,,,,,,,,
label.comment,Comment,,,,,,,,,,,
title.initials,Initials,,,,,,,,,,,
title.audit-trial,Audit Trial,,,,,,,,,,,
title.changed-by,Changed By,,,,,,,,,,,
title.operation,Operation,,,,,,,,,,,
title.ip-address,IP Address,,,,,,,,,,,
title.field,Field,,,,,,,,,,,
title.from,From,,,,,,,,,,,
title.to,To,,,,,,,,,,,
button.new-study,New Study,,,,,,,,,,,
title.subjects,Subjects,,,,,,,,,,,
option.completed-studies,Completed Studies,,,,,,,,,,,
title.sponsor,Sponsor,,,,,,,,,,,
title.protocol,Protocol,,,,,,,,,,,
title.clinical-description,Clinical Description,,,,,,,,,,,
label.completed-protocol-title,Completed Protocol Title,,,,,,,,,,,
label.enable-reimbursements,Enable reimbursements for this study.,,,,,,,,,,,
label.enable-stipend,Enable stipend visits for this study.,,,,,,,,,,,
label.stipend-visit,Stipend Visit.,,,,,,,,,,,
label.enable-reimbursements-stipend,Enable reimbursements & stipends for this study,,,,,,,,,,,
label.per-mile-cost,Per-mile Costs for Reimbursement Items,,,,,,,,,,,
title.item-type,Item Type,,,,,,,,,,,
title.cost-per-mile,Cost per Mile,,,,,,,,,,,
title.study-site-locations,Study Site Locations,,,,,,,,,,,
title.study-sites,Study Sites,,,,,,,,,,,
title.study-status,Study Status,,,,,,,,,,,
title.study-schedule,Study Schedule,,,,,,,,,,,
title.subject-travel-preferences,Subject Travel Preferences / Requests,,,,,,,,,,,
option.enable,Enable,,,,,,,,,,,
option.disable,Disable,,,,,,,,,,,
title.study-summary,Study Summary,,,,,,,,,,,
title.study-information,Study Information,,,,,,,,,,,
title.active,Active,,,,,,,,,,,
title.total-active-subjects,Total Active Subjects,,,,,,,,,,,
title.participating-sites,Participating Sites,,,,,,,,,,,
option.inactive-sites,Inactive Sites,,,,,,,,,,,
title.completed-subjects,Completed Subjects,,,,,,,,,,,
title.payment-program-type,Payment Program Type,,,,,,,,,,,
title.total-pending-payments,Total Pending Payments,,,,,,,,,,,
label.payments-to-date,Payments to Date,,,,,,,,,,,
label.payment-requests,Pending Payment Requests,,,,,,,,,,,
title.notifications,Notifications,,,,,,,,,,,
button.view-notifications,View Notifications,,,,,,,,,,,
title.manage-study-visits,Manage Study Visits,,,,,,,,,,,
title.new-visit,New Visit,,,,,,,,,,,
label.visit-name,Visit Name,,,,,,,,,,,
label.baseline,Baseline,,,,,,,,,,,
label.sort-order,Sort Order,,,,,,,,,,,
title.pending-payments,Pending payments,,,,,,,,,,,
title.site,Site,,,,,,,,,,,
title.paid-to-date,Paid to Date,,,,,,,,,,,
title.participating-subjects,Participating Subjects,,,,,,,,,,,
title.tasks,Tasks,,,,,,,,,,,
title.task,Task,,,,,,,,,,,
button.new-task,New Task,,,,,,,,,,,
title.users,Users,,,,,,,,,,,
title.user,User,,,,,,,,,,,
title.description,Description,,,,,,,,,,,
title.date-time,Date/Time,,,,,,,,,,,
label.milestone-type,Milestone Type,,,,,,,,,,,
label.milestone,Milestone,,,,,,,,,,,
label.add-due-date,Add Due Date,,,,,,,,,,,
label.responsible-user,Responsible User,,,,,,,,,,,
label.assigned-user,Assigned User,,,,,,,,,,,
label.assigned-visit-schedule,Assigned Visit Schedule,,,,,,,,,,,
label.email-notification,Send an email notification to assigned users.,,,,,,,,,,,
label.completion-date,Completion Date,,,,,,,,,,,
label.completed-by,Completed By,,,,,,,,,,,
label.monthly-recurrence,Monthly Recurrence,,,,,,,,,,,
label.auto-create-task,Automatically create this task every month,,,,,,,,,,,
label.note-type,Note Type,,,,,,,,,,,
button.new-note,New Note,,,,,,,,,,,
label.cro,CRO,,,,,,,,,,,
button.clear-visit-management,Clear Visit Management,,,,,,,,,,,
button.clear-selection,Clear Selection,,,,,,,,,,,
label.edit-this.visit,Edit this visit,,,,,,,,,,,
label.edit-this.item,Edit this item,,,,,,,,,,,
title.edit-study-visit,Edit Study Visit,,,,,,,,,,,
title.edit-study-site,Edit Study Site,,,,,,,,,,,
label.complete-protocol-title,Complete Protocol Title,,,,,,,,,,,
button.new-study-site,New Study Site,,,,,,,,,,,
title.fax,Fax,,,,,,,,,,,
title.payment-method,Payment Method,,,,,,,,,,,
label.manage-users,Manage users for this study,,,,,,,,,,,
label.manage-locations,Manage nearby locations for this study site,,,,,,,,,,,
label.edit-study-site,Edit this study site,,,,,,,,,,,
title.site-name,Site Name,,,,,,,,,,,
label.timezone,Timezone,,,,,,,,,,,
label.default-currency,Default Currency,,,,,,,,,,,
label.site-payment-method,Site Payment Method,,,,,,,,,,,
label.site-status,Site Status,,,,,,,,,,,
title.site-study,Site  - Study,,,,,,,,,,,
title.study-site-users,Study Site Users,,,,,,,,,,,
button.new-user,New User,,,,,,,,,,,
label.email-address,Email Address,,,,,,,,,,,
label.role,Role,,,,,,,,,,,
label.company,Company,,,,,,,,,,,
label.phone,Phone,,,,,,,,,,,
title.user-information,User Information,,,,,,,,,,,
title.settings,Settings,,,,,,,,,,,
link.set-password,Set Password,,,,,,,,,,,
link.send-welcome-email,Send Login Welcome Email,,,,,,,,,,,
label.system-users,System Users,,,,,,,,,,,
label.system-user,System User,,,,,,,,,,,
label.study-access,Study Access,,,,,,,,,,,
label.privileges,Privileges,,,,,,,,,,,
label.assign-cards,Assign Cards,,,,,,,,,,,
button.assign-card,Assign Card,,,,,,,,,,,
label.approve-stipends,Approve Stipends,,,,,,,,,,,
label.review-reimbursements,Review Reimbursements,,,,,,,,,,,
label.delete-subjects,Delete Subjects,,,,,,,,,,,
label.subject-email-verify,Subject Email Verification,,,,,,,,,,,
label.subject-account-setup,Subject Account Setup,,,,,,,,,,,
label.subject-card-assigned,Subject Card Assigned,,,,,,,,,,,
button.new-location,New Location,,,,,,,,,,,
title.nearby-locations,Nearby Locations,,,,,,,,,,,
message.all-fields-required,All fields are required,,,,,,,,,,,
message.approve-reimb,Are you sure you want to approve this reimbursement?,,,,,,,,,,,
message.deny-reimb,Are you sure you want to deny this reimbursement?,,,,,,,,,,,
message.recall-reimb,Are you sure you want to recall this reimbursement?,,,,,,,,,,,
message.void-reimb,Are you sure you want to void this reimbursement?,,,,,,,,,,,
label.location-name,Location Name,,,,,,,,,,,
title.site-summary,Site Summary,,,,,,,,,,,
title.site-information,Site Information,,,,,,,,,,,
title.total-active-studies,Total Active Studies,,,,,,,,,,,
title.study-selection,Study Selection,,,,,,,,,,,
title.site-users,Site Users,,,,,,,,,,,
title.progress-notes,Progress Notes,,,,,,,,,,,
title.delete-note,Delete Note?,,,,,,,,,,,
message.confirm-delete-note,Are you sure you want to delete this note?,,,,,,,,,,,
button.run-report,Run Report,,,,,,,,,,,
title.reports,Reports,,,,,,,,,,,
message.select-report,Select report below for report-specific options.,,,,,,,,,,,
title.task-description,Task / Description,,,,,,,,,,,
title.date-posted,Date Posted,,,,,,,,,,,
label.subject,Subject,,,,,,,,,,,
label.message,Message,,,,,,,,,,,
option.asap,ASAP (As soon as possible),,,,,,,,,,,
option.open,Open,,,,,,,,,,,
option.info,Info,,,,,,,,,,,
option.done,Done,,,,,,,,,,,
option.priority,Priority,,,,,,,,,,,
title.delete-log,Delete Log,,,,,,,,,,,
message.delete-log,Are you sure you want to delete this log?,,,,,,,,,,,
button.confirm,Confirm,,,,,,,,,,,
title.new-request,New Request,,,,,,,,,,,
button.create-funding-request,Create New Funding Request,,,,,,,,,,,
button.request-additional-cards,Request Additional Cards,,,,,,,,,,,
title.pay-account-information,Pay Account Information,,,,,,,,,,,
title.pending-funding-requests,Pending Funding Requests,,,,,,,,,,,
title.created,Created,,,,,,,,,,,
title.requested-by,Requested By,,,,,,,,,,,
title.amount,Amount,,,,,,,,,,,
title.comments,Comments,,,,,,,,,,,
title.pending-card-requests,Pending Card Requests,,,,,,,,,,,
title.num-cards,Number of Cards,,,,,,,,,,,
title.previous-requests,Previous Requests,,,,,,,,,,,
title.initiated,Initiated,,,,,,,,,,,
label.funding-amount,Funding Amount,,,,,,,,,,,
label.funding-type,Funding Type,,,,,,,,,,,
title.new-funding-request,New Funding Request,,,,,,,,,,,
title.new-card-request,New Card Request,,,,,,,,,,,
option.select-table,Select Table,,,,,,,,,,,
option.select,Select,,,,,,,,,,,
title.manage-tables,Manage Tables,,,,,,,,,,,
option.reimbursement-item-type,Reimbursement Item Type,,,,,,,,,,,
option.sponsors,Sponsors,,,,,,,,,,,
option.currencies,Currencies,,,,,,,,,,,
label.currency,Currency,,,,,,,,,,,
option.milestones,Milestones,,,,,,,,,,,
option.countries,Countries,,,,,,,,,,,
option.milestone-types,Milestone Types,,,,,,,,,,,
option.note-types,Note Types,,,,,,,,,,,
option.contact-research-organizations,Contact Research Organizations,,,,,,,,,,,
title.start-end-address,Start/End Address,,,,,,,,,,,
title.direct-mileage-entry,Direct Mileage Entry,,,,,,,,,,,
title.ous-enabled,OUS Enabled,,,,,,,,,,,
title.upload-required,Upload Required,,,,,,,,,,,
label.save-data,Save Data,,,,,,,,,,,
label.cancel-editing,Cancel Editing,,,,,,,,,,,
label.editing,Editing,,,,,,,,,,,
title.code,Code,,,,,,,,,,,
title.symbol,Symbol,,,,,,,,,,,
title.show-state,Show State,,,,,,,,,,,
title.show-breakdown,Show Breakdown,,,,,,,,,,,
title.show-postal-code,Show Postal Code,,,,,,,,,,,
button.new-item-type,New Item Type,,,,,,,,,,,
button.new-item,New Item,,,,,,,,,,,
label.show-hide,Show / Hide,,,,,,,,,,,
button.add-sponsor,Add Sponsor,,,,,,,,,,,
button.add-milestone,Add Milestone,,,,,,,,,,,
button.milestone-type,Milestone Type,,,,,,,,,,,
button.note-type,Note Type,,,,,,,,,,,
button.add-user,Add User,,,,,,,,,,,
label.site-management,Site Management,,,,,,,,,,,
label.study-management,Study Management,,,,,,,,,,,
label.subject-management,Subject Management,,,,,,,,,,,
label.approve-deny-reimb,Approve/Deny Reimbursements,,,,,,,,,,,
label.admin-area,Admin Area,,,,,,,,,,,
title.admin,Admin,,,,,,,,,,,
label.user-management,User Management,,,,,,,,,,,
label.table-management,Table Management,,,,,,,,,,,
label.account-funding-management,Account Funding Management,,,,,,,,,,,
label.system-settings,System Settings,,,,,,,,,,,
label.reports,Reports,,,,,,,,,,,
label.allowed-deleted-subjects,Allowed to Delete Subjects,,,,,,,,,,,
label.query-management,Query Management,,,,,,,,,,,
label.subject-travel-request,Subject Travel Request,,,,,,,,,,,
label.reimbursement-reviewed-alert,Reimbursement Reviewed Alert,,,,,,,,,,,
label.funding-requests,Funding Requests,,,,,,,,,,,
label.card-requests,Card Requests,,,,,,,,,,,
label.low-balance-warning,Low Balance Warning,,,,,,,,,,,
label.low-card-warning,Low Card Warning,,,,,,,,,,,
label.help-log-requests,Help Log Requests,,,,,,,,,,,
title.help-log,Help Log,,,,,,,,,,,
label.recall-alert,Recall Alert,,,,,,,,,,,
message.password-reset-instructions,Password reset instructions have been emailed to this user.,,,,,,,,,,,
label.retype-password,Re-type Password,,,,,,,,,,,
title.retype-account-number,Re-type Account Number,,,,,,,,,,,
error.current-password,The current password entered was incorrect.,,,,,,,,,,,
error.new-password,Please enter a new password.,,,,,,,,,,,
title.remaining-cards,Remaining Cards,,,,,,,,,,,
title.pending-cards,Pending Cards,,,,,,,,,,,
label.cards,Cards,,,,,,,,,,,
label.remaining,Remaining,,,,,,,,,,,
label.sites,Sites,,,,,,,,,,,
title.visit,Visit,,,,,,,,,,,
title.study,Study,,,,,,,,,,,
title.subject,Subject,,,,,,,,,,,
title.mrn,MRN,,,,,,,,,,,
title.stipend-ref,Stipened Reference Number,,,,,,,,,,,
option.select-visit,Select Visit,,,,,,,,,,,
title.delete-reimbursement-item,Delete Reimbursement Item,,,,,,,,,,,
title.delete-reimbursement-request,Delete Reimbursement Request,,,,,,,,,,,
message.delete-reimbursement-item,Are you sure you want to delete this reimbursement item?,,,,,,,,,,,
title.delete-subjects,Delete Subjects,,,,,,,,,,,
title.delete-subject,Delete Subject,,,,,,,,,,,
label.site-location,Site Location,,,,,,,,,,,
button.assign-to-study,Assign to Study,,,,,,,,,,,
button.assign-this-study,Assign this Study,,,,,,,,,,,
label.postal-code,Postal Code,,,,,,,,,,,
button.add-new-study,Add New Study,,,,,,,,,,,
label.ssn-national-identifier,SSN / National Identifier,,,,,,,,,,,
label.ssn,SSN ,,,,,,,,,,,
label.national-identifier,National Identifier,,,,,,,,,,,
title.assign-a-study,Assign a Study,,,,,,,,,,,
button.view-audit-trial,View Audit Trial,,,,,,,,,,,
title.number,Number,,,,,,,,,,,
title.stipend,Stipend,,,,,,,,,,,
message.submit-reimb-query,Submit query related to this reimbursement,,,,,,,,,,,
message.complete-visit,Mark this visit as complete,,,,,,,,,,,
title.visit-completion,Visit Completion,,,,,,,,,,,
label.date-completed,Date Completed,,,,,,,,,,,
button.submit-visit,Submit Visit,,,,,,,,,,,
button.edit-travel-request,Edit Travel Request,,,,,,,,,,,
button.delete-travel-request,Delete Travel Request,,,,,,,,,,,
title.delete-request,Delete Request,,,,,,,,,,,
message.delete-request,Are you sure you want to delete this request?,,,,,,,,,,,
message.delete-subject,Are you sure you want to delete this subject?,,,,,,,,,,,
message.delete-reimbursement-request,Are you sure you want to delete this reimbursement request?,,,,,,,,,,,
label.reimbursement-request-item,Reimbursement Request Item,,,,,,,,,,,
message.recall-reimbursement,Are you sure you want to recall this reimbursement?,,,,,,,,,,,
message.void-reimbursement,Are you sure you want to void this reimbursement?,,,,,,,,,,,
label.reimbursement-request,Reimbursement Request,,,,,,,,,,,
label.enabled,Enabled,,,,,,,,,,,
label.disabled,Disabled,,,,,,,,,,,
label.reimbursements-stipends,Reimbursements & Stipends,,,,,,,,,,,
title.delete-task,Delete Task,,,,,,,,,,,
message.delete-task,Are you sure you want to delete this task?,,,,,,,,,,,
message.delete-note,Are you sure you want to delete this note?,,,,,,,,,,,
label.stipend,Stipend,,,,,,,,,,,
title.edit,Edit,,,,,,,,,,,
title.total-payment,Total Payment,,,,,,,,,,,
message.processing-please-wait,"Processing, please wait",,,,,,,,,,,
message.please-wait-moment,Please wait one moment.,,,,,,,,,,,
message.confirm-make-payment,Are you sure you want to make this payment?,,,,,,,,,,,
message.confirm-delete-item,Are you sure you want to delte this item?,,,,,,,,,,,
button.delete-this-item,Delete this item,,,,,,,,,,,
title.delete-entry,Delete entry?,,,,,,,,,,,
title.log,Log,,,,,,,,,,,
option.select-priority,Select Priority,,,,,,,,,,,
title.edit-note,Edit Note,,,,,,,,,,,
option.not-site-specific,Not site specific,,,,,,,,,,,
option.not-study-specific,Not study specific,,,,,,,,,,,
option.select-note-type,Select Note Type,,,,,,,,,,,
label.payment-to-date,Payment to Date,,,,,,,,,,,
message.select-visit-study-option,Please select a Visit Management option for this study.,,,,,,,,,,,
title.audit-stipend-loads,Audit Stipend Loads,,,,,,,,,,,
title.visit-schedule,Visit Schedule,,,,,,,,,,,
title.report-audit-stipend-loads,Report Audit Stipend Loads,,,,,,,,,,,
title.transaction-date-time,Transaction Date/Time,,,,,,,,,,,
title.transaction-id,Transaction ID,,,,,,,,,,,
title.issued-by,Issued By,,,,,,,,,,,
title.study-id,Study ID,,,,,,,,,,,
title.study-id-#,Study ID #,,,,,,,,,,,
button.download,Download,,,,,,,,,,,
button.run,Run,,,,,,,,,,,
button.clear-dates,Clear dates,,,,,,,,,,,
button.saving,Saving,,,,,,,,,,,
title.conversion-rate,Saving,,,,,,,,,,,
title.approved-by,Approved By,,,,,,,,,,,
title.voided-by,Voided By,,,,,,,,,,,
title.deposit-additions,Deposit / Additions,,,,,,,,,,,
title.withdrawl-subtractions,Withdrawl / Subtractions,,,,,,,,,,,
title.ending-daily-balance,Ending Daily Balance,,,,,,,,,,,
title.audit-bank-deposits,Ending Daily Balance,,,,,,,,,,,
title.balance-detail,Balance Detail,,,,,,,,,,,
title.card-load-history,Card Load History,,,,,,,,,,,
title.bank-deposit-history,Bank Deposit History,,,,,,,,,,,
title.payment-detail-study,Payment Detail by Study,,,,,,,,,,,
title.study-payment-by-date,Study Payment Totals by Date,,,,,,,,,,,
title.subject-totals-by-study,Subject Totals by Study,,,,,,,,,,,
title.voided-cards,Voided Cards,,,,,,,,,,,
title.voided-transactions,Voided Transactions,,,,,,,,,,,
title.voided-reimbursements,Voided Reimbursements,,,,,,,,,,,
title.stipend-payments-1099,Stipend Payments (1099),,,,,,,,,,,
title.unique-subjects-paid,Unique Subjects Paid,,,,,,,,,,,
title.num-payments,No. of Payments,,,,,,,,,,,
title.payment-total,Total Payments,,,,,,,,,,,
title.average-payments,Average Payment,,,,,,,,,,,
title.date-card-issued,Date Card Issued,,,,,,,,,,,
title.assigned-by,Assigned By,,,,,,,,,,,
title.date-assigned,Date Assigned,,,,,,,,,,,
title.display-name,Display Name,,,,,,,,,,,
title.ending-balance,Ending Balance,,,,,,,,,,,
title.date-voided,Date Voided,,,,,,,,,,,
title.void-reason,Void Reason,,,,,,,,,,,
title.void-reimbursement,Void Reimbursement,,,,,,,,,,,
title.initiated-by,Initiated By,,,,,,,,,,,
title.date-initiated,Date Initiated,,,,,,,,,,,
title.program,Program,,,,,,,,,,,
title.transfer-type,Transfer Type,,,,,,,,,,,
title.date-recalled,Date Recalled,,,,,,,,,,,
title.recalled-by,Recalled By,,,,,,,,,,,
option.all-ages,All Ages,,,,,,,,,,,
option.under-18,Under 18 Years of Age,,,,,,,,,,,
option.over-18,18 Years of Age and Older,,,,,,,,,,,
option.no-dob,No DOB,,,,,,,,,,,
label.select-report,Select report below for report-specific options.,,,,,,,,,,,
label.date-range,Date Range,,,,,,,,,,,
option.active-users,Active Users,,,,,,,,,,,
label.inactive-users,Inactive Users,,,,,,,,,,,
option.all-users,All Users,,,,,,,,,,,
option.select-method,Select Method,,,,,,,,,,,
option.direct-deposit,Direct Deposit,,,,,,,,,,,
option.pay-card,PAY Card,,,,,,,,,,,
option.active,Active,,,,,,,,,,,
option.inactive,Inactive,,,,,,,,,,,
label.edit-location,Edit Location,,,,,,,,,,,
label.delete-user,Delete User,,,,,,,,,,,
title.email,Email,,,,,,,,,,,
title.total-#-payments,Total # of Payments,,,,,,,,,,,
button.view-payments,View Paymnets,,,,,,,,,,,
button.close,Close,,,,,,,,,,,
button.edit-study,Edit Study,,,,,,,,,,,
option.all,All,,,,,,,,,,,
option.inactive-studies,Inactive Studies,,,,,,,,,,,
title.study-number,Study Number,,,,,,,,,,,
message.delete-visit,Are you sure you want to delete this visit?,,,,,,,,,,,
title.delete-visit,Delete Study Visit,,,,,,,,,,,
title.edit-visit,Edit Study Visit,,,,,,,,,,,
title.study-visit,Study Visit,,,,,,,,,,,
title.assign-subject-study,Assign Subject to Study,,,,,,,,,,,
title.avaliable-studies,Avaliable studies at,,,,,,,,,,,
title.avaliable-sites,Avaliable sites,,,,,,,,,,,
title.title,Title,,,,,,,,,,,
title.view-study-summary,View study summary,,,,,,,,,,,
title.edit-study-details,Edit Study Details,,,,,,,,,,,
option.select-sponsor,Select Sponsor,,,,,,,,,,,
title.feature-must-be-enabled,This feature must be enabled in the System Settings.,,,,,,,,,,,
title.edit-task,Edit Task,,,,,,,,,,,
option.select-milestone-type,Select Milestone Type,,,,,,,,,,,
option.select-milestone,Select Milestone,,,,,,,,,,,
option.select-user,Select User,,,,,,,,,,,
title.flight-time-preference,Flight Time Preference,,,,,,,,,,,
option.select-transport,Select Transportation,,,,,,,,,,,
title.view-travel-request,View Travel Request,,,,,,,,,,,
title.edit-travel-request,Edit Travel Request,,,,,,,,,,,
title.delete-travel-request,Delete Travel Request,,,,,,,,,,,
title.navigate-travel-requests,Delete Travel Request,,,,,,,,,,,
label.travel-request,Travel Request,,,,,,,,,,,
title.funding-request-created,Funding Request Created,,,,,,,,,,,
label.card-funding-request,Card/Funding Request Approval/Voiding,,,,,,,,,,,
link.initiate-password-reset,Initiate Password Reset,,,,,,,,,,,
title.password-updated,Password Updated,,,,,,,,,,,
message.initiate-account-setup,Initial account setup information has been emailed to this user.,,,,,,,,,,,
option.select-role,Select Role,,,,,,,,,,,
button.leave-now,Leave Now,,,,,,,,,,,
button.stay-signed-in,Stay Signed In,,,,,,,,,,,
message.auto-logout,You will be automatically signed out in,,,,,,,,,,,
title.auto-logout,Signing out automatically,,,,,,,,,,,
message.no-records,No records.,,,,,,,,,,,
message.no-records-found,No records found.,,,,,,,,,,,
title.delete-confirmation,Delete Confiramtion,,,,,,,,,,,
title.delete-selected-itmes,Delete all selected items,,,,,,,,,,,
message.render-failed,Could not render item.,,,,,,,,,,,
message.confirmation-email-sent,A confirmation email will be sent to your new email address for verification purposes.,,,,,,,,,,,
label.verifying-email,Verifying email address,,,,,,,,,,,
message.selected-file,The selected file,,,,,,,,,,,
message.too-big,is too big. The maximum allow file size is,,,,,,,,,,,
link.return-to-signin,return to Sign In,,,,,,,,,,,
title.confirm-request-approval,Confirm Request Approval,,,,,,,,,,,
title.confirm-payment,Confirm Payment,,,,,,,,,,,
message.confirm-request-approval,Are you sure you would like to approve this request?,,,,,,,,,,,
title.confirm-void,Confirm Request Void,,,,,,,,,,,
message.confirm-void,Are you sure you would like to void this request?,,,,,,,,,,,
message.provide-details,Please provide details for why this request is being voided.,,,,,,,,,,,
alert.request-deleted,This request was deleted.,,,,,,,,,,,
message.card-request-created,Your card request has been successfully created.,,,,,,,,,,,
title.card-request-created,Card Request Created,,,,,,,,,,,
button.create,Create,,,,,,,,,,,
message.funding-created,Your funding request has been successfully created.,,,,,,,,,,,
button.approve,Approve,,,,,,,,,,,
title.access-code,Access Code,,,,,,,,,,,
label.processing,Processing,,,,,,,,,,,
title.manually-add-funds,Manually Add Funds,,,,,,,,,,,
message.indicate-reason-load-funds,Indicate the reason and any additional details for manually loading funds to this card.,,,,,,,,,,,
button.mark-resolved,Mark as Resolved,,,,,,,,,,,
link.cancel-return-signin,cancel and return to Sign In,,,,,,,,,,,
link.proceed-signin,Please proceed to Sign In here,,,,,,,,,,,
message.settings-saved,Settings successfully saved.,,,,,,,,,,,
message.stipend-error,Stipend Reimbursement Coverage must be greater than 0.,,,,,,,,,,,
title.threshold-warnings,Threshold Warnings,,,,,,,,,,,
label.low-balance-threshold-warning,Low Balance Warning Threshold,,,,,,,,,,,
label.low-card-threshold-warning,Low Card Warning Threshold,,,,,,,,,,,
label.stipend-threshold-warning,Stipend Amount Warning Threshold,,,,,,,,,,,
title.confirm-approval,Confirm Approval,,,,,,,,,,,
title.confirm-denial,Confirm Denial,,,,,,,,,,,
title.deny,Deny,,,,,,,,,,,
title.recall-reimbursement,Recall Reimbursement,,,,,,,,,,,
label.and-recalled-by,and recalled by,,,,,,,,,,,
label.and-voided-by,and voided by,,,,,,,,,,,
label.void,VOID,,,,,,,,,,,
title.travel-request-saved,Travel Request Saved,,,,,,,,,,,
title.password-saved,Password Saved,,,,,,,,,,,
title.profile-saved,Profile Saved,,,,,,,,,,,
title.banke-account,Bank Account,,,,,,,,,,,
label.3-digit-bank-code,3 digit bank code,,,,,,,,,,,
title.replace,Replace,,,,,,,,,,,
title.assign,Assign,,,,,,,,,,,
button.continue,Continue,,,,,,,,,,,
title.stipend-card,Stipend Card,,,,,,,,,,,
message.remove-subject-study,Are you sure you would like to remove this subject from the following study,,,,,,,,,,,
message.add-study-before-deleting,"Sorry, please add a study before deleting this one.",,,,,,,,,,,
message.email-verified,This email address has been verified.,,,,,,,,,,,
message.email-not-verified,This email address is not yet verified.,,,,,,,,,,,
message.number-verified,This number has been verified.,,,,,,,,,,,
message.number-not-verified,This number is not yet verified.,,,,,,,,,,,
message.password-instructions-emailed,Password reset instructions and URL will be emailed to subject,,,,,,,,,,,
title.duplicate-warning,Duplicate Warning,,,,,,,,,,,
title.pay-stipend,Pay stipend for this visit,,,,,,,,,,,
title.dash-required,Dash is required for the control number.,,,,,,,,,,,
title.show-reim-breakdown,Show a detailed breakdown of the reimbursement types for each subject.,,,,,,,,,,,
